full_url,n
nolo.com,543
angieslist.com,282
findlaw.com,204
thehotline.org,160
houselogic.com,150
homes.com,146
legalmatch.com,140
avvo.com,135
usnews.com,130
lendinghome.com,117
hg.org,110
helpguide.org,96
washingtonpost.com,93
youtube.com,85
bogleheads.org,81
quora.com,78
nerdwallet.com,77
masslegalhelp.org,72
reddit.com,71
biggerpockets.com,70
thebalancesmb.com,70
wikipedia.org,68
bbb.org,66
cnbc.com,66
justanswer.com,66
psychologytoday.com,65
wikihow.com,59
ca.gov,56
investopedia.com,54
levelset.com,54
verywellmind.com,53
lawyers.com,52
google.com,51
joinonelove.org,51
theguardian.com,51
womenshealth.gov,50
ncadv.org,48
dvipiowa.org,47
credit.com,44
loveisrespect.org,44
debt.org,43
homeadvisor.com,43
huffpost.com,43
maidsailors.com,42
legalnature.com,41
dailyrepublic.com,39
legalshield.com,39
sfgate.com,39
nationaldebtrelief.com,35
floridalawhelp.org,34
activebeat.com,33
freeadvice.com,32
rocketlawyer.com,32
tenantsunion.org,32
washingtonlawhelp.org,32
freedommentor.com,31
civillawselfhelpcenter.org,30
landlordology.com,30
verbalabusejournals.com,30
ftc.gov,29
ptla.org,29
hawaii.gov,28
americanbar.org,27
hgtv.com,27
houzz.com,27
webmd.com,27
creditkarma.com,26
the-debt-experts.com,26
magnifymoney.com,25
domesticshelters.org,24
usa.gov,24
legalzoom.com,23
topconsumerreviews.com,23
apartmentratings.com,22
creditcards.com,22
criminaldefenselawyer.com,22
oregonlawhelp.org,22
thebalance.com,22
bobvila.com,21
consumerfinance.gov,21
constructionwitness.com,20
incharge.org,20
justice.gov,20
forbes.com,19
reachout.com,19
attorneypages.com,18
bbc.com,18
finehomebuilding.com,18
howstuffworks.com,18
kllawhawaii.com,18
npr.org,18
roofing.com,18
wpde.com,18
go.com,17
justia.com,17
legalhawaii.com,17
northeastshooters.com,17
rentecdirect.com,17
tadlock-roofing.com,17
nytimes.com,16
calalaw.com,15
consumerrecoverynetwork.com,15
everydayfeminism.com,15
gregdunnhi.com,15
myfloridalicense.com,15
thesimpledollar.com,15
acestreatment.org,14
buildzoom.com,14
ed.gov,14
favorhouse.org,14
hhs.gov,14
loveequalsme.org,14
marketwatch.com,14
realtor.com,14
rentberry.com,14
arstechnica.com,13
contractortalk.com,13
crisistextline.org,13
insider.com,13
myfloridalegal.com,13
ovlg.com,13
trentcotney.com,13
valuepenguin.com,13
breakthecycle.org,12
dallasnews.com,12
familylives.org.uk,12
goodhousekeeping.com,12
liveyourdream.org,12
moneyunder30.com,12
safehorizon.org,12
top10debtconsolidation.com,12
womenslaw.org,12
actionnewsjax.com,11
alternativestoviolence.org,11
ctlawhelp.org,11
forthepeople.com,11
hud.gov,11
kidshelpphone.ca,11
lawhelp.org,11
lendingtree.com,11
mayoclinic.org,11
medlineplus.gov,11
netmums.com,11
webuyuglyhouses.com,11
womenshelters.org,11
attorneygeneral.gov,10
blackenterprise.com,10
constructiondive.com,10
debtbulldog.com,10
fox43.com,10
greatist.com,10
lawdepot.com,10
lawv.net,10
lsc.gov,10
nih.gov,10
nvcontractorsboard.com,10
protechroofinghonoluluhi.com,10
psc.gov,10
rainbowroof.com,10
therealestatesolutionsguy.com,10
utahlegalservices.org,10
apartmentguide.com,9
ascelibrary.org,9
attorneyinfoguide.com,9
beliefnet.com,9
blogspot.com,9
bustle.com,9
cbsnews.com,9
centerforfamilyjustice.org,9
chron.com,9
city-data.com,9
consumercredit.com,9
experian.com,9
finaid.org,9
guildquality.com,9
ihshawaii.org,9
irishtimes.com,9
mckeithenroofing.net,9
moneymanagement.org,9
nbcmiami.com,9
new-hope.org,9
rd.com,9
sparkrental.com,9
stepstojustice.ca,9
theatlantic.com,9
thecollegeinvestor.com,9
thinkglink.com,9
upcounsel.com,9
uprightlaw.com,9
uslegal.com,9
vethanlaw.com,9
abuseandrelationships.org,8
benefits.gov,8
bipc.com,8
cawc.org,8
clockshark.com,8
contractorsliability.com,8
healthprep.com,8
inc.com,8
legalsupporttoday.com,8
lscd.com,8
marriage.com,8
mybestrelationship.com,8
nbcnews.com,8
newhopeforwomen.org,8
niche.com,8
oprahmag.com,8
redbookmag.com,8
stoprelationshipabuse.org,8
tenantresourcecenter.org,8
trustedpros.ca,8
abc7ny.com,7
bankruptcyrelief.org,7
constructionexec.com,7
edmhawaii.com,7
exaktime.com,7
harvard.edu,7
healthtalk.org,7
heysigmund.com,7
ifstudies.org,7
illinoislegalaid.org,7
info.com,7
jaxdebtrelief.com,7
mccarthylawyer.com,7
mn.gov,7
moneypit.com,7
mydomaine.com,7
priceonomics.com,7
scarymommy.com,7
straightdope.com,7
telegraph.co.uk,7
unitedway.org,7
abajournal.com,6
american-apartment-owners-association.org,6
americanfinancialsolutions.org,6
avail.co,6
bankruptcyway.com,6
brickunderground.com,6
claimsjournal.com,6
clark.com,6
contractorslicensingschools.com,6
eforms.com,6
gaf.com,6
homeselfe.com,6
intuit.com,6
iowalegalaid.org,6
jimersonfirm.com,6
kapiliroof.com,6
law.com,6
letterdash.com,6
miamidade.gov,6
moneysolver.co,6
needhelppayingbills.com,6
oregoncat.org,6
parkeroptions.com,6
refugehouse.com,6
roofingandroofers.com,6
roofingcontractor.com,6
thepowermoves.com,6
tn.gov,6
usatoday.com,6
yourtango.com,6
3newsnow.com,5
allpropertymanagement.com,5
amfam.com,5
ampup.io,5
ananiasfoundation.org,5
askamanager.org,5
askthebuilder.com,5
authenticdesignsandremodeling.com,5
awesomejelly.com,5
brunerwright.com,5
business.com,5
businessnewsdaily.com,5
certifiedroofingsolutionsllc.com,5
childandfamilyservice.org,5
citizensadvice.org.uk,5
classaction.org,5
colorado.edu,5
comcapfactoring.com,5
constructionbusinessowner.com,5
dc.gov,5
debt.com,5
debtfreehawaii.com,5
digitalspy.com,5
due.com,5
dvrcv.org.au,5
ecmag.com,5
entrepreneur.com,5
everydayhealth.com,5
fcadv.org,5
fema.gov,5
floridaroof.com,5
fraud-magazine.com,5
futureswithoutviolence.org,5
globalnews.ca,5
haleakalasolarroofing.com,5
healthfinder.gov,5
hillsboroughcounty.org,5
homelessshelterdirectory.org,5
homereference.net,5
hscadv.org,5
infotracer.com,5
innerbonding.com,5
inspectapedia.com,5
irmi.com,5
jaxlawcenter.com,5
jdsupra.com,5
kentucky.com,5
kingsroofingllc.com,5
landlordlawblog.co.uk,5
landlordtenantlawfirms.com,5
latimes.com,5
lawyernearyou.com,5
legalbeagle.com,5
legalcareerpath.com,5
legalvision.com.au,5
lendspot.com,5
lexisnexis.com,5
lifehacker.com,5
liveabout.com,5
liveboldandbloom.com,5
liveplan.com,5
longroofing.com,5
lorman.com,5
lowermybills.com,5
mcall.com,5
middlesexmd.com,5
mikeandsusandawson.com,5
modernize.com,5
money.com,5
montanalawhelp.org,5
mumsnet.com,5
mygreatlakes.org,5
mymoneycoach.ca,5
northwestregisteredagent.com,5
nydailynews.com,5
orlandocriminaldefenseattorneyblog.com,5
polygongroup.com,5
preventloanscams.org,5
propublica.org,5
protectingconsumerrights.com,5
rgbconstructionservices.com,5
roofdoctorutah.com,5
rosenlawllc.com,5
samakowlaw.com,5
sbpusa.org,5
secondwindconsultants.com,5
sfvbareferral.com,5
skibalaw.com,5
studentloanhero.com,5
studentloans.gov,5
swlaw.com,5
takechargeamerica.org,5
talkspace.com,5
thehartford.com,5
thelatopteam.com,5
thenation.com,5
theoasiscenter.net,5
throofing.com,5
thumbtack.com,5
tim.blog,5
tinybuddha.com,5
tortorice.com,5
trinityrescue.org,5
triumphroofing.net,5
vice.com,5
wa.gov,5
wafb.com,5
wallethub.com,5
wikihow.life,5
wisc.edu,5
wrcbtv.com,5
www.police.uk,5
yahoo.com,5
youngwomenshealth.org,5
zumper.com,5
1800runaway.org,4
acesdv.org,4
advantageccs.org,4
ahrn.com,4
alberta.ca,4
alliantcreditunion.org,4
allprodad.com,4
apa.org,4
arkansas.gov,4
askalawyeroncall.com,4
attorneyfortampabay.com,4
attorneyinhawaii.com,4
audible.com,4
baymgmtgroup.com,4
become.co,4
belleville.net,4
bestlifeonline.com,4
bizcap.com,4
broward.org,4
businessinsuranceusa.com,4
buzzfeed.com,4
cafemom.com,4
cctvcameraworld.com,4
centurylinkbrightideas.com,4
checkbook.org,4
chicago.gov,4
colliercountyfl.gov,4
consumerreports.org,4
contractormag.com,4
corporatefinanceinstitute.com,4
creditassoc.net,4
crmjax.org,4
ct.gov,4
diychatroom.com,4
dojmt.gov,4
domesticviolenceactioncenter.org,4
eboz.com,4
emnlp2015.org,4
escapehere.com,4
facebook.com,4
familycircle.com,4
fatherly.com,4
feminist.org,4
flcourts.org,4
focusonthefamily.com,4
fool.com,4
goodmenproject.com,4
greenpath.com,4
harleytherapy.co.uk,4
headedhomeroofing.com,4
hope-eci.org,4
idaholegalaid.org,4
iii.org,4
indiatimes.com,4
jmls.edu,4
kidshealth.org,4
knowyourix.org,4
lauradoyle.org,4
law.edu,4
lawcjb.com,4
ldoceonline.com,4
learningtoendabuse.ca,4
legalhelplawyers.com,4
legaltemplates.net,4
leslievernick.com,4
louisiana.gov,4
lovegurujihelpline.com,4
lovetoknow.com,4
lovevashikaranastrology.com,4
mass.gov,4
match.com,4
mckinleyirvin.com,4
mentalhelp.net,4
merriam-webster.com,4
metrofamily.org,4
michiganlegalhelp.org,4
microfocus.com,4
mind-diagnostics.org,4
moneygeek.com,4
muradolawpa.com,4
myattorneyhome.com,4
nationalsafeplace.org,4
nccourts.gov,4
nfcc.org,4
nmievictions.com,4
nprdap.org,4
nrcdv.org,4
opendoorministrieshp.org,4
oprah.com,4
pacthawaii.org,4
patientsrising.org,4
pensacolaattorney.com,4
peoples-law.org,4
pricelawgroup.com,4
psychcentral.com,4
rcacal.com,4
recoverylawgroup.com,4
repsly.com,4
rooferstallahasseefl.com,4
rutter-net.com,4
securityinabox.org,4
skyscanner.com,4
solidgroundfinancial.org,4
state.mn.us,4
stretchandbloom.com,4
study.com,4
tallahasseeroofingcompany.net,4
techlicious.com,4
tenant-lawyers.com,4
theartofcharm.com,4
thecut.com,4
thedailybeast.com,4
thehealthy.com,4
thenextweb.com,4
thespruce.com,4
thriveglobal.com,4
travelpulse.com,4
trekeffect.com,4
urbandictionary.com,4
vanhornlawgroup.com,4
verticalrent.com,4
victimconnect.org,4
vocabulary.com,4
vpcswi.org,4
waikikihc.org,4
weaveinc.org,4
wernerroofing.com,4
westroofingsystems.com,4
wiktionary.org,4
wingsprogram.com,4
wired.com,4
wisbar.org,4
wisebread.com,4
womensaid.org.uk,4
wordpress.com,4
worldpackers.com,4
www.nhs.uk,4
yourdictionary.com,4
youth.gov,4
zillow.com,4
abuseintervention.org,3
adaa.org,3
affinitylaw.com,3
az.gov,3
babecavebuilds.com,3
backgroundcheckswiki.com,3
badcredit.org,3
bankofamerica.com,3
bankruptcytallahassee.com,3
bdblaw.com,3
beyondblue.org.au,3
carrdowney.com,3
centredaily.com,3
constructionloancenter.com,3
consumerismcommentary.com,3
cornell.edu,3
cosmopolitan.com,3
creditcardinsider.com,3
d2lrevolution.com,3
daveramsey.com,3
dayoneservices.org,3
divorcenet.com,3
doorwaysva.org,3
dryhome.com,3
fcasv.org,3
fcvfc.org,3
fidelity.com,3
fight13.com,3
fitsmallbusiness.com,3
floridabar.org,3
forconstructionpros.com,3
formfindr.com,3
formstemplates.com,3
foxrothschild.com,3
freewayinsurance.com,3
hathawaylaw.net,3
haven-oakland.org,3
hawaiipolice.com,3
itsnotright.ca,3
jaxlegalaid.org,3
kaderestoration.com,3
kelskylaw.com,3
kfvs12.com,3
kgarvinlaw.com,3
kidsinthehouse.com,3
landlordandtenant.org,3
lawfirmmurphy.com,3
legalaidhawaii.org,3
legalassistancecenter.org,3
legalhelpline.info,3
lewisandjurnovoy.com,3
lsnf.org,3
macmillandictionary.com,3
mensshelterofcharlotte.org,3
mentalhealth.gov,3
mentalhealthrecovery.com,3
mindyourmind.ca,3
moneytalksnews.com,3
moving.com,3
msboc.us,3
nationlaw.com,3
nclbgc.org,3
nd.gov,3
nnedv.org,3
paclawteam.com,3
pcclb.com,3
phoenix.gov,3
pronto.com,3
psychiatry.org,3
realpropertymgt.com,3
redflagdeals.com,3
renterswarehouse.com,3
rentprep.com,3
ridgeworthroofing.com,3
salvationarmyusa.org,3
samaritanhouseva.org,3
santoslawpa.com,3
seleni.org,3
sjpd.org,3
stellaradjusting.com,3
stormforce.com,3
studentsagainstdepression.org,3
suicidepreventionlifeline.org,3
sun-sentinel.com,3
supportisp.org,3
surety.org,3
themighty.com,3
topattorneysnearby.com,3
trls.org,3
upliftconnect.com,3
usahello.org,3
va.gov,3
wadvocates.org,3
wbur.org,3
wesh.com,3
womenagainstabuse.org,3
womenscenterofjax.org,3
www.qld.gov.au,3
7cups.com,2
911.gov,2
abelmannlaw.com,2
acculynx.com,2
adamlawgroup.com,2
apartmentlist.com,2
apartments.com,2
azcentral.com,2
bacharagroup.com,2
bankruptcy-lawyer-now.com,2
bankruptcylawjax.com,2
bankruptcylawyerhawaii.com,2
berkeley.edu,2
bestlawyers.com,2
betterhelp.com,2
bettygriffincenter.org,2
blurtitout.org,2
buildium.com,2
cadamn.org,2
cheemarkham.com,2
cohen-pensacolaattorney.com,2
coj.net,2
coloradosprings.gov,2
consumerhelpcentral.com,2
contractor-licensing.com,2
cqconstructioninc.com,2
cvoeo.org,2
dashdc.org,2
disputebee.com,2
eagleview.com,2
easybankruptcy.org,2
esclaw.com,2
expressevictions.com,2
farandwide.com,2
fiverr.com,2
floridabankruptcylawyer.com,2
footmanlaw.com,2
frohsinbarger.com,2
fundraisingcup.org,2
goodsill.com,2
haloministry.org,2
hawaiinewsnow.com,2
helpsishere.org,2
homelet.co.uk,2
honolulu-lawoffice.com,2
housingandcommunityresources.net,2
hrcsf.org,2
husseinandwebber.com,2
idfpr.com,2
independent.co.uk,2
indianalegalservices.org,2
insurancejournal.com,2
ironwoodcap.com,2
jasonlevoy.com,2
joetheplumbernet.com,2
kansascity.com,2
kearneycenter.org,2
keithdcollier.com,2
knockoutroofing.com,2
ks.gov,2
lacity.org,2
lawhelpmn.org,2
lawinsider.com,2
lifewire.com,2
loanservicedirect.com,2
lowninstitute.org,2
lsnjlaw.org,2
mansonconstruction.com,2
markupandprofit.com,2
moneycrashers.com,2
multco.us,2
murakamiroofing.com,2
navy.mil,2
ncsl.org,2
nct911.org,2
next-insurance.com,2
nlslaw.net,2
nwfls.org,2
oregon.gov,2
passaiccountywomenscenter.org,2
pensacoladebtdefense.com,2
pepper-spray-store.com,2
plannedparenthood.org,2
policeone.com,2
psni.police.uk,2
psycom.net,2
recordsfinder.com,2
reliasmedia.com,2
reluctantlandlord.net,2
rent.com,2
requestlegalhelp.com,2
restorationlocal.com,2
reviewjournal.com,2
ri.gov,2
score.org,2
seekingshelter.net,2
shelter.org.uk,2
shelterlist.com,2
shelterlistings.org,2
simpli.com,2
sojournerri.org,2
spcroofers.com,2
streeteasy.com,2
sulzbacherjax.org,2
tampaesq.com,2
texaslawhelp.org,2
theblondeabroad.com,2
theboonelawfirm.com,2
thelpa.com,2
thoughtco.com,2
thv11.com,2
turnanewleaf.org,2
yellowpages.com,2
yelp.com,2
ywcaspokane.org,2
1800debtrelief.com,1
2civility.org,1
aaaconstructionschool.com,1
aarp.org,1
accurateservejax.com,1
accurateservetally.com,1
action-roofing.com,1
advantage-properties.com,1
affinitylawgrouphawaii.com,1
akccfl.com,1
alabama.gov,1
alan-thriftroofing.com,1
allstarroofing808.com,1
askthe.police.uk,1
ausley.com,1
avoicefortheinnocent.org,1
bankruptcy-jax.com,1
bankruptcylegalcenters.com,1
bankruptcytampabay.com,1
barkerkappelleconstruction.com,1
bauerlawgroup.com,1
baumhedlundlaw.com,1
bigbendhc.org,1
brilliantnews.com,1
bulldogadjusters.com,1
business.site,1
care-tallahassee.org,1
catalystmadison.org,1
cc-lawoffice.com,1
ccdom.org,1
centrelawgroup.com,1
changingminds.org,1
checkpeople.com,1
chicagotribune.com,1
chooseturnkey.com,1
clarkpartington.com,1
clearoneadvantage.com,1
comparisons.org,1
constructconnect.com,1
consumeraffairs.com,1
consumersearch.com,1
cookcountyclerkofcourt.org,1
counselcareconnection.org,1
crawfordvillelaw.com,1
crca.org,1
creators.com,1
credit.org,1
creditassoc.com,1
creditrxamerica.com,1
davidaylor.com,1
debtorprotectors.com,1
definitions.net,1
dkpvlaw.com,1
dsklawgroup.com,1
dvrcnm.org,1
edwardsedwardslaw.com,1
escambiaso.com,1
expertise.com,1
expressfilings.com,1
ezlandlordforms.com,1
familycredit.org,1
familyfoundations.org,1
familypromisejax.org,1
fastloandirect.com,1
fbcroofingfranchise.com,1
fee.org,1
feelingkindablue.org,1
firstcoastnews.com,1
floridadebtreliefhelp.com,1
floridaexam-school.com,1
formswift.com,1
foxbusiness.com,1
freedomdebtrelief.com,1
freelegalaid.com,1
freshfromflorida.com,1
georgia.gov,1
gocanvas.com,1
gofundme.com,1
goldenfinancesuite.com,1
goodmandebtfreehawaii.com,1
govtsearches.com,1
helloresolve.com,1
hftb.org,1
housingissues.org,1
hrc-la.org,1
hsba.org,1
icc.org,1
ilga.gov,1
illinoisattorneygeneral.gov,1
infospace.com,1
instagram.com,1
jacksonvillelawyer.pro,1
jadaroofing.com,1
jax-law.com,1
jfcsjax.org,1
johnhancock.com,1
jsonline.com,1
kaleellawfirm.com,1
kcba.org,1
kensaq.com,1
kevininjurylaw.net,1
khn.org,1
landlordguidance.com,1
lawinfo.com,1
lcjcarpentry.com,1
legaladvice24-7.com,1
legalaid.vic.gov.au,1
legalaidtallahassee.org,1
legalmomentum.org,1
leon.fl.us,1
leoncountyso.com,1
liberty.edu,1
mapquest.com,1
marriagehelper.com,1
marriagemax.com,1
maxstorylaw.com,1
mhanational.org,1
mhw-lawyers.com,1
mlit.go.jp,1
mobilizationforjustice.org,1
monroekinglaw.com,1
murphyandersonlaw.com,1
myescambia.com,1
myfloridacfo.com,1
narf.org,1
ncjrs.gov,1
nj.gov,1
nodvla.org,1
nofind-nofee.com,1
northflorida.legal,1
nyc.gov,1
owenbylaw.com,1
panditankitsharma.com,1
parlamentroofing.com,1
pdffiller.com,1
penair.org,1
phila.gov,1
pinellascounty.org,1
planlaw.com,1
pnj.com,1
police.govt.nz,1
processserverhawaii.com,1
procleannotsomekidfl.com,1
quick2lend.com,1
ratekick.com,1
reliefbenefits.com,1
resources4me.com,1
restartyourlifejax.com,1
rivercityroofingcorp.com,1
schulteroofing.com,1
scotbrower.com,1
secondcalldefense.org,1
shellfleming.com,1
shelterhousenwfl.org,1
smartaboutmoney.org,1
smartbizloans.com,1
solid-ground.org,1
squareonelegal.com,1
startribune.com,1
state.fl.us,1
state.gov,1
state.hi.us,1
state.nm.us,1
sterlingshelter.org,1
stevensonklotz.com,1
successtms.com,1
summonsresponse.com,1
superlawyers.com,1
tahirih.org,1
tallahasseebar.org,1
taylordaylaw.com,1
texas.gov,1
theconversation.com,1
theglobalchurchlive.com,1
today.com,1
top10.com,1
top10answers.com,1
trans-lex.org,1
trustedcompanyreviews.com,1
upsolve.org,1
urban.org,1
usvetsinc.org,1
vercounty.org,1
victormarx.com,1
visymo.com,1
vlsh.org,1
w4.org,1
waianaelaw.com,1
wctv.tv,1
womenforwomen.org,1
wonder.legal,1
wral.com,1
wrightlawgroupnv.com,1
www.gov.uk,1
